-- phpMyAdmin SQL Dump
-- version 4.9.1
-- https://www.phpmyadmin.net/
--
-- Host: 127.0.0.1
-- Generation Time: May 28, 2021 at 01:42 PM
-- Server version: 10.4.8-MariaDB
-- PHP Version: 7.3.11

SET SQL_MODE = "NO_AUTO_VALUE_ON_ZERO";
SET AUTOCOMMIT = 0;
START TRANSACTION;
SET time_zone = "+00:00";


/*!40101 SET @OLD_CHARACTER_SET_CLIENT=@@CHARACTER_SET_CLIENT */;
/*!40101 SET @OLD_CHARACTER_SET_RESULTS=@@CHARACTER_SET_RESULTS */;
/*!40101 SET @OLD_COLLATION_CONNECTION=@@COLLATION_CONNECTION */;
/*!40101 SET NAMES utf8mb4 */;

--
-- Database: `xmix`
--

-- --------------------------------------------------------

--
-- Table structure for table `admins`
--

CREATE TABLE `admins` (
  `username` varchar(100) NOT NULL,
  `password` varchar(100) NOT NULL
) ENGINE=InnoDB DEFAULT CHARSET=utf8mb4;

--
-- Dumping data for table `admins`
--

INSERT INTO `admins` (`username`, `password`) VALUES
('fady', '1');

-- --------------------------------------------------------

--
-- Table structure for table `cashiers`
--

CREATE TABLE `cashiers` (
  `cashier_id` int(11) NOT NULL,
  `cashier_name` varchar(100) NOT NULL,
  `cashier_phone` varchar(50) NOT NULL,
  `cashier_address` varchar(200) NOT NULL,
  `cashier_email` varchar(100) NOT NULL,
  `cashier_password` varchar(100) NOT NULL,
  `cashier_state` tinyint(1) NOT NULL DEFAULT 0
) ENGINE=InnoDB DEFAULT CHARSET=utf8mb4;

--
-- Dumping data for table `cashiers`
--

INSERT INTO `cashiers` (`cashier_id`, `cashier_name`, `cashier_phone`, `cashier_address`, `cashier_email`, `cashier_password`, `cashier_state`) VALUES
(1, 'فادي', '01282106151', 'طنطا', 'a', 'a', 0),
(40, 'احمد محمد', '01001213423', 'طنطا', 'amer', 'amer', 0);

-- --------------------------------------------------------

--
-- Table structure for table `clients`
--

CREATE TABLE `clients` (
  `client_id` int(11) NOT NULL,
  `client_name` varchar(100) NOT NULL,
  `client_phone` varchar(50) NOT NULL,
  `client_address` varchar(200) NOT NULL,
  `client_notes` varchar(300) NOT NULL
) ENGINE=InnoDB DEFAULT CHARSET=utf8mb4;

--
-- Dumping data for table `clients`
--

INSERT INTO `clients` (`client_id`, `client_name`, `client_phone`, `client_address`, `client_notes`) VALUES
(22, 'سيد مختار النجار', '01271784980', 'بجوار مخزن الانابيب', ''),
(23, 'تامر باشا', '01211924673', 'ماركت باشا بجوار بنزينه رجب', 'لا'),
(24, 'احمد فيصل', '01201913634', '', ''),
(25, 'ايه عيد', '01283364977', 'بجوار معهد الفتيات عند مصنع جمال خفاحي', ''),
(28, 'ابراهيم سمير', '01274251255', 'طريق الكتان', ''),
(29, 'محمد محسن', '01284769595', 'صيدليه الدكتور محمد محسن', ''),
(30, 'لوئ عبعزيز', '01227039441', 'صيدليه صلاح دياب', ''),
(31, 'احمد', '01286218624', 'محمد السباخي', ''),
(33, 'لوئ عبعزيز', '01227039441', 'صيدليه صلاح دياب', ''),
(34, 'خالد زكي', '010043534543', 'شارع البحر', 'الدور التاني'),
(36, 'عامر اسامه', '01121213', 'tanta', ''),
(39, '', '', '', ''),
(40, 'احمد زكي', '', '', ''),
(41, 'احمد', '01286218624', 'محمد السباخي', '');

-- --------------------------------------------------------

--
-- Table structure for table `dates`
--

CREATE TABLE `dates` (
  `order_id` int(11) NOT NULL,
  `order_date` varchar(100) NOT NULL,
  `client_id` int(11) DEFAULT NULL,
  `cashier_id` int(11) NOT NULL,
  `order_egmaly` float NOT NULL DEFAULT 0,
  `order_service` int(11) NOT NULL DEFAULT 0,
  `order_total` float DEFAULT 0
) ENGINE=InnoDB DEFAULT CHARSET=utf8mb4;

--
-- Dumping data for table `dates`
--

INSERT INTO `dates` (`order_id`, `order_date`, `client_id`, `cashier_id`, `order_egmaly`, `order_service`, `order_total`) VALUES
(1, '22 مايو 2021', NULL, 1, 51, 0, 51),
(2, '22 مايو 2021', NULL, 1, -25, 0, -25),
(3, '22 مايو 2021', NULL, 1, 97, 0, 97),
(4, '22 مايو 2021', 31, 1, 11, 0, 11),
(5, '22 مايو 2021', 31, 1, 71, 0, 71),
(6, '22 مايو 2021', NULL, 1, 25, 0, 25),
(7, '22 مايو 2021', 30, 1, 67, 30, 97),
(8, '22 مايو 2021', NULL, 1, 51, 0, 51),
(9, '22 مايو 2021', NULL, 1, 60, 0, 60),
(10, '22 مايو 2021', NULL, 1, 11, 0, 11),
(11, '22 مايو 2021', NULL, 1, 500, 0, 500),
(12, '22 مايو 2021', NULL, 1, 5, 0, 5),
(13, '22 مايو 2021', 33, 1, 51, 0, 51),
(14, '22 مايو 2021', 23, 1, 90, 25, 115),
(15, '22 مايو 2021', 34, 40, 66, 15, 81),
(16, '23 مايو 2021', NULL, 1, 51, 0, 51),
(17, '23 مايو 2021', 39, 1, 227, 15, 242),
(18, '23 مايو 2021', NULL, 1, 86, 0, 86),
(19, '23 مايو 2021', NULL, 1, 50, 0, 50),
(20, '23 مايو 2021', NULL, 1, 93, 0, 93),
(21, '23 مايو 2021', 36, 1, 150, 25, 175),
(22, '24 مايو 2021', NULL, 1, 340, 0, 340),
(23, '24 مايو 2021', 28, 1, 216, 30, 246),
(24, '24 مايو 2021', NULL, 40, 181, 0, 181),
(25, '24 مايو 2021', NULL, 40, 9, 0, 9),
(26, '24 مايو 2021', NULL, 1, 69, 0, 69),
(27, '24 مايو 2021', NULL, 1, 196, 0, 196),
(28, '24 مايو 2021', NULL, 1, 88, 0, 88),
(29, '24 مايو 2021', 34, 1, 19, 30, 49),
(30, '24 مايو 2021', NULL, 1, 19, 0, 19),
(31, '24 مايو 2021', 41, 1, 17, 0, 17),
(32, '24 مايو 2021', NULL, 1, 511, 0, 511),
(33, '24 مايو 2021', NULL, 1, 112, 0, 112),
(34, '24 مايو 2021', NULL, 1, 50, 0, 50),
(35, '24 مايو 2021', NULL, 1, 25, 0, 25),
(36, '24 مايو 2021', NULL, 1, 102, 0, 102),
(37, '24 مايو 2021', 28, 1, 181, 0, 181),
(38, '24 مايو 2021', NULL, 1, 86, 0, 86),
(39, '24 مايو 2021', 33, 1, 86, 0, 86),
(40, '26 مايو 2021', NULL, 1, 85, 0, 85),
(41, '26 مايو 2021', 29, 1, 604, 30, 634),
(42, '26 مايو 2021', NULL, 1, 1007, 0, 1007),
(43, '26 مايو 2021', NULL, 1, 52, 0, 52),
(44, '27 مايو 2021', 28, 1, 55, 0, 55),
(45, '27 مايو 2021', NULL, 1, 112, 0, 112),
(46, '27 مايو 2021', NULL, 1, 30, 0, 30);

-- --------------------------------------------------------

--
-- Table structure for table `items`
--

CREATE TABLE `items` (
  `item_id` int(11) NOT NULL,
  `item_name` varchar(100) NOT NULL,
  `item_menu` varchar(50) NOT NULL DEFAULT '',
  `item_cost` float NOT NULL
) ENGINE=InnoDB DEFAULT CHARSET=utf8mb4;

--
-- Dumping data for table `items`
--

INSERT INTO `items` (`item_id`, `item_name`, `item_menu`, `item_cost`) VALUES
(1, 'كريب بانيه', 'عادي', 23),
(2, 'كريب زنجر سوبريم', 'عادي', 26),
(3, 'كريب سوبر كرانشي', 'عادي', 25),
(4, 'كريب مشوي صدور', 'عادي', 26),
(5, 'كريب شيش طاووق', 'عادي', 26),
(6, 'كريب فاهيتا فراخ', 'عادي', 25),
(7, 'كريب كوردن بلو', 'عادي', 26),
(8, 'كريب فراي داي', 'عادي', 24),
(9, 'كريب شاورما فراخ', 'عادي', 25),
(10, 'كريب بسطرمه', 'عادي', 21),
(11, 'كريب تشيز برجر', 'عادي', 17),
(12, 'كريب شاورما لحم', 'عادي', 26),
(13, 'كريب سجق', 'عادي', 18),
(14, 'كريب سوسيس', 'عادي', 15),
(15, 'كريب كفته', 'عادي', 15),
(16, 'كريب ميكس شاورما', 'عادي', 26),
(17, 'كريب كوكتيل لحوم', 'عادي', 26),
(18, 'كريب كوكتيل فراخ', 'عادي', 26),
(19, 'كريب الجحيم', 'عادي', 25),
(20, 'كريب العالمي', 'عادي', 26),
(21, 'كريب جوليان', 'عادي', 23),
(22, 'كريب سجق بدبس الرمان', 'عادي', 33),
(23, 'كريب سي فود بلاس', 'عادي', 40),
(24, 'كريب جمبري مشوي', 'عادي', 35),
(25, 'كريب جبنه شيدر', ' عادي', 15),
(26, 'كريب رومي', 'عادي', 15),
(27, 'كريب ميكس جبن', 'عادي', 17),
(28, 'كريب نوتيلا', 'عادي', 13),
(29, 'كريب ماشروم ', 'عادي', 15),
(30, 'كريب بطاطس', 'عادي', 14),
(31, 'كريب نوتيلا بالمكسرات', 'عادي', 16),
(32, 'كريب نوتيلا هوهوز', 'عادي', 15),
(33, '\r\nكريب نوتيلا موز\r\n', 'عادي', 16),
(34, 'سندوتش سوسيس', 'عادي', 8),
(35, 'سندوتش بطاطس سوسيس', 'عادي', 10),
(36, 'سندوتش بطاطس موتزريلا', 'عادي', 8),
(37, 'سندوتش بطاطس', 'عادي', 6),
(38, 'سندوتش سوبر كرانشي', 'عادي', 12),
(39, 'سندوتش فاهيتا فراخ', 'عادي', 12),
(40, 'سندوتش شاورما فراخ', 'عادي', 12),
(41, 'سندوتش شيش طاووق', 'عادي', 13),
(42, 'سندوتش كبده', 'عادي', 8),
(43, 'سندوتش كفته', 'عادي', 8),
(44, 'سندوتش شاورما لحم', 'عادي', 12),
(45, 'سندوتش بانيه', 'عادي', 11),
(46, 'سندوتش برجر', 'عادي', 10),
(47, 'سندوتش تشيكن بيتزا', 'عادي', 15),
(48, 'سندوتش سوسيس', 'عادي', 10),
(49, 'سندوتش سجق', 'عادي', 8),
(50, 'باكيت بطاطس', 'عادي', 5),
(51, 'اضافة لحوم', 'عادي', 5),
(52, 'اضافة فراخ', 'عادي', 5),
(53, 'اضافة نوتيلا', 'عادي', 5),
(54, 'اضافة موتزريلا', 'عادي', 4),
(55, 'كولوسلو', 'عادي', 5),
(56, 'كنز بيبسي', 'عادي', 5),
(57, 'طبق عيش', 'عادي', 10),
(58, 'لقمه عيش', 'عادي', 3),
(59, 'كريب شاورما فراخ', 'صيامي', 25),
(60, 'كريب بانيه', 'صيامي', 23),
(61, 'كريب سوبر كرانشي', 'صيامي', 25),
(62, 'كريب تشيز برجر', 'صيامي', 20),
(63, 'كريب فراي داي', 'صيامي', 24),
(64, 'كريب شيش طاووق', 'صيامي', 26),
(65, 'كريب سوسيس', 'صيامي', 25),
(66, 'كريب شاورما لحمه', 'صيامي', 25),
(67, 'كريب كفته', 'صيامي', 25),
(68, 'كريب مشروم موتزريلا', 'صيامي', 15),
(69, 'كريب بطاطس موتزريلا', 'صيامي', 20),
(70, 'كريب بطاطس', 'صيامي', 14),
(71, 'باكيت بطاطس', 'صيامي', 5),
(72, 'سندوتش بطاطس موتزريلا', 'صيامي', 8),
(73, 'سندوتش بطاطس', 'صيامي', 6),
(74, 'كريب اكس ميكس', 'عادي', 35),
(75, ' كريب توربيني لحمه', 'عادي', 30),
(76, 'كريب توربيني فراخ', 'عادي', 30),
(77, 'كريب سوبر دويتو لحوم', 'عادي', 35),
(78, ' كريب ميكسيكانو', 'عادي', 30),
(79, 'كريب كوردن بلو سلامي', 'عادي', 35),
(80, ' كريب اختراع', 'عادي', 30),
(81, ' كريب جمبري بانيه', 'عادي', 30),
(82, 'كريب شنغهاي', 'عادي', 35),
(83, ' كريب مشروم', 'عادي', 30),
(84, ' كريب اوريو', 'عادي', 30),
(85, ' كريب نوتيلا لوتس', 'عادي', 30),
(86, 'كريب نوتيلا كيندر', 'عادي', 35),
(87, ' كريب نوتيلا جلاكسي', 'عادي', 30),
(88, 'كريب عالمي رول شيدر', 'عادي', 35),
(89, ' كريب ميكس', 'عادي', 30),
(90, 'كريب كونو', 'عادي', 30),
(91, 'كريب كونو بيتزا', 'عادي', 35),
(92, ' كريب تشيكن سموكد', 'عادي', 30),
(93, 'كريب ايطاليانو', 'عادي', 35),
(94, ' كريب استربس باربكيو', 'عادي', 30),
(95, ' كريب شاورما تشيزديب', 'عادي', 30),
(96, 'كريب كوكتيل سموكد', 'عادي', 35),
(97, ' كريب ميكس جبن بسطرمه', 'عادي', 30),
(98, ' كريب هيرو', 'عادي', 30),
(99, ' كريب بطاطس هالبينو', 'عادي', 30),
(100, 'كريب تايجر كرسبي', 'عادي', 35),
(101, ' كريب كوردن بلو سوسيس', 'عادي', 20),
(102, 'كريب هوت دوج', 'عادي', 19),
(103, ' كريب بطاطس موتزريلا', 'عادي', 30),
(104, 'كريب سي فود رانش', 'عادي', 35),
(105, ' كريب اسبشيال اكس ميكس', 'عادي', 40);

-- --------------------------------------------------------

--
-- Table structure for table `orders`
--

CREATE TABLE `orders` (
  `order_id` int(11) NOT NULL,
  `order_quantity` int(11) NOT NULL DEFAULT 1,
  `item_id` int(11) NOT NULL
) ENGINE=InnoDB DEFAULT CHARSET=utf8mb4;

--
-- Dumping data for table `orders`
--

INSERT INTO `orders` (`order_id`, `order_quantity`, `item_id`) VALUES
(1, 1, 5),
(1, 1, 6),
(2, -1, 6),
(3, 1, 2),
(3, 1, 3),
(3, 1, 5),
(3, 1, 36),
(3, 1, 40),
(4, 1, 22),
(4, 1, 71),
(5, 1, 64),
(5, 1, 67),
(5, 1, 69),
(6, 1, 3),
(7, 1, 5),
(7, 1, 8),
(7, 1, 11),
(8, 1, 3),
(8, 1, 5),
(9, 1, 3),
(9, 1, 6),
(9, 1, 52),
(9, 1, 56),
(10, 1, 22),
(10, 1, 71),
(11, 10, 14),
(11, 10, 20),
(11, 2, 26),
(11, 4, 47),
(12, -1, 46),
(12, 1, 47),
(13, 1, 2),
(13, 1, 3),
(14, 1, 1),
(14, 1, 2),
(14, 1, 8),
(14, 1, 11),
(15, 1, 1),
(15, 1, 5),
(15, 1, 11),
(16, 1, 3),
(16, 1, 5),
(17, 1, 1),
(17, 2, 22),
(17, 3, 31),
(17, 12, 44),
(18, 1, 5),
(18, 1, 7),
(18, 1, 12),
(18, 1, 36),
(19, 1, 26),
(19, 1, 57),
(19, 1, 61),
(20, 1, 16),
(20, 1, 20),
(20, 1, 22),
(20, 1, 24),
(21, 10, 47),
(22, 1, 23),
(22, 3, 24),
(22, 2, 47),
(22, 1, 50),
(22, 1, 52),
(22, 2, 83),
(22, 2, 85),
(22, 1, 104),
(23, 3, 22),
(23, 1, 36),
(23, 2, 44),
(23, 2, 50),
(23, 1, 56),
(23, 2, 102),
(24, 1, 6),
(24, 1, 7),
(24, 1, 14),
(24, 3, 47),
(24, 1, 50),
(24, 1, 56),
(24, 2, 103),
(25, 1, 53),
(25, 1, 54),
(26, 1, 2),
(26, 1, 7),
(26, 1, 11),
(27, 3, 11),
(27, 3, 47),
(27, 1, 53),
(27, 1, 56),
(27, 3, 99),
(28, 1, 1),
(28, 1, 3),
(28, 1, 26),
(28, 1, 32),
(28, 1, 48),
(29, 1, 53),
(29, 1, 54),
(29, 1, 57),
(30, 1, 53),
(30, 1, 54),
(30, 1, 57),
(31, 1, 54),
(31, 1, 57),
(31, 1, 58),
(32, 1, 1),
(32, 1, 2),
(32, 1, 21),
(32, 2, 36),
(32, 1, 58),
(32, 3, 71),
(32, 1, 79),
(32, 3, 89),
(32, 7, 105),
(33, 1, 2),
(33, 1, 6),
(33, 1, 7),
(33, 1, 24),
(34, 1, 15),
(34, 1, 82),
(35, 1, 6),
(36, 1, 2),
(36, 1, 7),
(36, 1, 15),
(36, 1, 82),
(37, 1, 3),
(37, 1, 4),
(37, 1, 23),
(37, 1, 81),
(37, 1, 92),
(37, 1, 95),
(38, 1, 6),
(38, 1, 7),
(38, 1, 24),
(39, 1, 3),
(39, 1, 4),
(39, 1, 82),
(40, 1, 3),
(40, 1, 6),
(40, 1, 82),
(41, 1, 7),
(41, 2, 33),
(41, 3, 43),
(41, 2, 46),
(41, 2, 57),
(41, 3, 58),
(41, 5, 61),
(41, 2, 62),
(41, 3, 69),
(41, 1, 81),
(41, 3, 85),
(41, 2, 102),
(41, 3, 103),
(42, 1, 2),
(42, 1, 10),
(42, 4, 26),
(42, 33, 69),
(42, 3, 81),
(42, 3, 85),
(42, 2, 103),
(43, 1, 5),
(43, 1, 7),
(44, 1, 11),
(44, 1, 14),
(44, 1, 15),
(44, 1, 36),
(45, 1, 2),
(45, 1, 3),
(45, 1, 4),
(45, 1, 14),
(45, 1, 15),
(45, 1, 51),
(46, 1, 26),
(46, 1, 32);

--
-- Indexes for dumped tables
--

--
-- Indexes for table `admins`
--
ALTER TABLE `admins`
  ADD UNIQUE KEY `username` (`username`);

--
-- Indexes for table `cashiers`
--
ALTER TABLE `cashiers`
  ADD PRIMARY KEY (`cashier_id`),
  ADD UNIQUE KEY `cashier_email` (`cashier_email`);

--
-- Indexes for table `clients`
--
ALTER TABLE `clients`
  ADD PRIMARY KEY (`client_id`);

--
-- Indexes for table `dates`
--
ALTER TABLE `dates`
  ADD PRIMARY KEY (`order_id`),
  ADD KEY `cashier_id` (`cashier_id`),
  ADD KEY `client_id` (`client_id`);

--
-- Indexes for table `items`
--
ALTER TABLE `items`
  ADD PRIMARY KEY (`item_id`);

--
-- Indexes for table `orders`
--
ALTER TABLE `orders`
  ADD PRIMARY KEY (`order_id`,`item_id`),
  ADD KEY `item_id` (`item_id`);

--
-- AUTO_INCREMENT for dumped tables
--

--
-- AUTO_INCREMENT for table `cashiers`
--
ALTER TABLE `cashiers`
  MODIFY `cashier_id` int(11) NOT NULL AUTO_INCREMENT, AUTO_INCREMENT=41;

--
-- AUTO_INCREMENT for table `clients`
--
ALTER TABLE `clients`
  MODIFY `client_id` int(11) NOT NULL AUTO_INCREMENT, AUTO_INCREMENT=42;

--
-- AUTO_INCREMENT for table `items`
--
ALTER TABLE `items`
  MODIFY `item_id` int(11) NOT NULL AUTO_INCREMENT, AUTO_INCREMENT=116;

--
-- AUTO_INCREMENT for table `orders`
--
ALTER TABLE `orders`
  MODIFY `order_id` int(11) NOT NULL AUTO_INCREMENT, AUTO_INCREMENT=114;

--
-- Constraints for dumped tables
--

--
-- Constraints for table `dates`
--
ALTER TABLE `dates`
  ADD CONSTRAINT `dates_ibfk_1` FOREIGN KEY (`order_id`) REFERENCES `orders` (`order_id`),
  ADD CONSTRAINT `dates_ibfk_2` FOREIGN KEY (`cashier_id`) REFERENCES `cashiers` (`cashier_id`),
  ADD CONSTRAINT `dates_ibfk_3` FOREIGN KEY (`client_id`) REFERENCES `clients` (`client_id`);

--
-- Constraints for table `orders`
--
ALTER TABLE `orders`
  ADD CONSTRAINT `orders_ibfk_2` FOREIGN KEY (`item_id`) REFERENCES `items` (`item_id`);
COMMIT;

/*!40101 SET CHARACTER_SET_CLIENT=@OLD_CHARACTER_SET_CLIENT */;
/*!40101 SET CHARACTER_SET_RESULTS=@OLD_CHARACTER_SET_RESULTS */;
/*!40101 SET COLLATION_CONNECTION=@OLD_COLLATION_CONNECTION */;
